{
  "timestamp": "2025-12-02T15:58:38.256693",
  "num_images": 15,
  "noise_types": [
    "gaussian",
    "salt_pepper",
    "speckle"
  ],
  "methods": [
    "median",
    "wiener",
    "wavelet"
  ],
  "pytorch_enabled": false,
  "results_by_noise_type": {
    "gaussian": {
      "median": {
        "avg_psnr": 26.577887565243266,
        "std_psnr": 1.5281372588143878,
        "avg_ssim": 0.6549447072073005,
        "std_ssim": 0.059832103867917784
      },
      "wiener": {
        "avg_psnr": 26.422135678762423,
        "std_psnr": 1.9923013428339869,
        "avg_ssim": 0.6819667402180516,
        "std_ssim": 0.08433866477771246
      },
      "wavelet": {
        "avg_psnr": 24.50043918500055,
        "std_psnr": 1.1462154409682128,
        "avg_ssim": 0.592616096639304,
        "std_ssim": 0.09578313416006974
      }
    },
    "salt_pepper": {
      "median": {
        "avg_psnr": 27.587552013905338,
        "std_psnr": 2.185410582299081,
        "avg_ssim": 0.7921643063631297,
        "std_ssim": 0.07902064582385443
      },
      "wiener": {
        "avg_psnr": 15.332473477814494,
        "std_psnr": 2.2674294317922543,
        "avg_ssim": 0.2329804247370249,
        "std_ssim": 0.09170447201898244
      },
      "wavelet": {
        "avg_psnr": 20.010677437080805,
        "std_psnr": 1.5913659080829794,
        "avg_ssim": 0.43955417823228055,
        "std_ssim": 0.08590154421192436
      }
    },
    "speckle": {
      "median": {
        "avg_psnr": 27.728818334663732,
        "std_psnr": 2.0080272410967956,
        "avg_ssim": 0.7482844272397676,
        "std_ssim": 0.06603036891871773
      },
      "wiener": {
        "avg_psnr": 27.573002924069225,
        "std_psnr": 2.5631781645007106,
        "avg_ssim": 0.767549053994923,
        "std_ssim": 0.07160285919441935
      },
      "wavelet": {
        "avg_psnr": 26.35664271209482,
        "std_psnr": 1.2930112057536127,
        "avg_ssim": 0.6963206210895521,
        "std_ssim": 0.07243532031391481
      }
    }
  }
}